{
  "project_info": {
    "project_number": "116906365247",
    "firebase_url": "https://projk-cdb41-default-rtdb.firebaseio.com",
    "project_id": "projk-cdb41",
    "storage_bucket": "projk-cdb41.appspot.com"
  },
  "client": [
    {
      "client_info": {
        "mobilesdk_app_id": "1:116906365247:android:fcab857be22e254c69c38a",
        "android_client_info": {
          "package_name": "com.example.k"
        }
      },
      "oauth_client": [],
      "api_key": [
        {
          "current_key": "AIzaSyCqNawrseMnjiQmllpVvKSEY7hYNNef9V8"
        }
      ],
      "services": {
        "appinvite_service": {
          "other_platform_oauth_client": []
        }
      }
    }
  ],
  "configuration_version": "1"
}